gender,il1b,smoke,areainfl
F,etero,low,39.97
M,wt,low,24.011
F,etero,low,35.774
M,etero,high,58.651
M,etero,low,27.712
M,etero,high,48.362
M,mut,low,44.97
F,wt,high,56.094
M,wt,high,68.816
F,etero,low,22.083
F,wt,low,62.455
F,mut,high,55.125
F,wt,high,67.383
F,mut,low,34.846
M,wt,low,31.64
M,wt,high,40.269
M,wt,low,22.145
F,etero,low,42.898
F,wt,high,74.043
F,etero,low,36.042
F,wt,high,56.29
F,wt,low,32.073
F,mut,high,51.568
F,wt,high,49.362
M,etero,low,33.176
F,etero,low,29.877
M,wt,low,44.166
M,etero,high,41.434
F,etero,low,25.98
M,etero,low,40.702
M,etero,high,60.517
M,wt,high,36.372
M,wt,high,39.836
M,etero,high,43.764
M,mut,high,52.599
F,etero,high,41.434
F,wt,low,40.702
F,wt,high,42.434
F,wt,low,16.021
F,etero,low,38.238
M,mut,high,50.568
M,etero,low,39.372
M,wt,high,55.228
M,mut,low,30.248
F,wt,low,41.135
M,wt,high,49.362
M,wt,high,58.96
F,etero,high,41.867
F,etero,high,46.228
M,etero,low,41.166
M,etero,high,44.63
F,wt,low,14.289
F,wt,low,27.908
F,etero,low,23.856
F,wt,high,40.269
F,wt,low,26.176
M,mut,high,54.496
M,wt,high,65.424
M,wt,low,20.413
F,mut,high,71.043
M,wt,low,31.073
M,wt,high,45.898
F,wt,low,13.423
M,etero,low,38.372
M,mut,low,51.269
F,wt,low,27.712
F,wt,high,68.455
F,wt,low,39.403
F,wt,low,19.949
